{
  "globalId" : "5A7B.17cb9f6b-1c4e-11ec-a385-0242ac120004",
  "name" : "nice-urls-and-alternate-urls",
  "entries" : [ {
    "globalId" : "5A7B.214d4480-1c4e-11ec-a385-0242ac120004",
    "tagname" : "object.nice_url",
    "mapname" : "nice_url",
    "objType" : 10007,
    "attributeType" : 1,
    "multivalue" : false,
    "optimized" : false,
    "filesystem" : false,
    "targetType" : 0,
    "displayfield" : false,
    "segmentfield" : false,
    "urlfield" : true,
    "elasticsearch" : null
  }, {
    "globalId" : "5A7B.27f6e17a-1c4e-11ec-a385-0242ac120004",
    "tagname" : "object.nice_url",
    "mapname" : "nice_url",
    "objType" : 10008,
    "attributeType" : 1,
    "multivalue" : false,
    "optimized" : false,
    "filesystem" : false,
    "targetType" : 0,
    "displayfield" : false,
    "segmentfield" : false,
    "urlfield" : true,
    "elasticsearch" : null
  }, {
    "globalId" : "5A7B.31f74542-1c4e-11ec-a385-0242ac120004",
    "tagname" : "object.alternate_urls",
    "mapname" : "alternate_urls",
    "objType" : 10007,
    "attributeType" : 1,
    "multivalue" : true,
    "optimized" : false,
    "filesystem" : false,
    "targetType" : 0,
    "displayfield" : false,
    "segmentfield" : false,
    "urlfield" : true,
    "elasticsearch" : null
  }, {
    "globalId" : "5A7B.38b1f35e-1c4e-11ec-a385-0242ac120004",
    "tagname" : "object.alternate_urls",
    "mapname" : "alternate_urls",
    "objType" : 10008,
    "attributeType" : 1,
    "multivalue" : true,
    "optimized" : false,
    "filesystem" : false,
    "targetType" : 0,
    "displayfield" : false,
    "segmentfield" : false,
    "urlfield" : true,
    "elasticsearch" : null
  } ]
}